zipcode,state,city,latitude,longitude,population,area_sq_miles,population_density,zcta,county_name
10001,NY,New York,40.7505,-73.9934,21102,0.282,74829.78723404257,True,New York County
10002,NY,New York,40.7156,-73.9877,81410,0.97,83927.8350515464,True,New York County
10003,NY,New York,40.7306,-73.9896,56024,0.42,133390.47619047618,True,New York County
10019,NY,New York,40.7658,-73.9826,43998,0.31,141929.03225806452,True,New York County
11368,NY,Corona,40.7496,-73.8526,107060,2.89,37044.98269896194,True,Queens County
90210,CA,Beverly Hills,34.0901,-118.4065,34109,5.71,5973.555166374781,True,Los Angeles County
90011,CA,Los Angeles,34.0069,-118.2586,102784,2.93,35079.86348122867,True,Los Angeles County
90650,CA,Norwalk,33.907,-118.0825,100808,9.21,10945.494028230183,True,Los Angeles County
91331,CA,Pacoima,34.256,-118.4194,98820,11.24,8791.814946619217,True,Los Angeles County
90401,CA,Santa Monica,34.0195,-118.4912,9263,1.47,6301.360544217687,True,Los Angeles County
60601,IL,Chicago,41.8827,-87.6233,25718,0.62,41480.645161290326,True,Cook County
60629,IL,Chicago,41.7754,-87.7124,109292,3.19,34260.81504702194,True,Cook County
60618,IL,Chicago,41.9436,-87.705,54393,2.33,23344.635193133046,True,Cook County
60647,IL,Chicago,41.9231,-87.7079,98220,3.67,26762.942779291552,True,Cook County
79936,TX,El Paso,31.7737,-106.2963,104427,15.32,6816.383812010444,True,El Paso County
75201,TX,Dallas,32.7767,-96.797,7560,2.83,2671.3780918727916,True,Dallas County
77001,TX,Houston,29.7604,-95.3698,41542,8.49,4893.050647820965,True,Harris County
78701,TX,Austin,30.2672,-97.7431,5885,2.64,2229.1666666666665,True,Travis County
30301,GA,Atlanta,33.7627,-84.4224,18570,2.83,6561.8374558303885,True,Fulton County
30309,GA,Atlanta,33.789,-84.388,8307,1.32,6293.181818181818,True,Fulton County
30318,GA,Atlanta,33.7973,-84.4277,12489,3.67,3402.9972752043595,True,Fulton County
33101,FL,Miami,25.7617,-80.1918,2069,1.23,1682.1138211382115,True,Miami-Dade County
33139,FL,Miami Beach,25.7907,-80.13,16005,1.56,10259.615384615385,True,Miami-Dade County
32801,FL,Orlando,28.5383,-81.3792,17140,4.67,3670.235546038544,True,Orange County
33602,FL,Tampa,27.9506,-82.4572,24119,2.14,11270.56074766355,True,Hillsborough County
98101,WA,Seattle,47.6062,-122.3321,8312,1.85,4492.9729729729725,True,King County
98121,WA,Seattle,47.6131,-122.35,12781,1.32,9682.575757575758,True,King County
98004,WA,Bellevue,47.6101,-122.2015,14190,13.2,1075.0,True,King County
02101,MA,Boston,42.3601,-71.0589,4963,1.04,4772.115384615385,True,Suffolk County
02116,MA,Boston,42.3467,-71.0724,19857,0.42,47278.57142857143,True,Suffolk County
02134,MA,Allston,42.3533,-71.1322,28621,1.94,14753.092783505155,True,Suffolk County
85001,AZ,Phoenix,33.4484,-112.074,2529,2.33,1085.4077253218884,True,Maricopa County
85014,AZ,Phoenix,33.4942,-112.0404,48043,11.64,4127.405498281787,True,Maricopa County
85254,AZ,Scottsdale,33.6687,-111.9153,47206,41.23,1144.9430026679604,True,Maricopa County
80202,CO,Denver,39.7533,-104.991,18581,4.32,4301.157407407407,True,Denver County
80205,CO,Denver,39.7225,-104.9531,27994,3.17,8830.914826498423,True,Denver County
94102,CA,San Francisco,37.7749,-122.4194,24369,1.84,13244.021739130434,True,San Francisco County
94107,CA,San Francisco,37.7599,-122.3991,27558,2.85,9669.473684210527,True,San Francisco County
94301,CA,Palo Alto,37.4419,-122.143,16191,6.47,2502.4729520865535,True,Santa Clara County
97201,OR,Portland,45.5152,-122.6784,13829,3.24,4268.209876543209,True,Multnomah County
97210,OR,Portland,45.5311,-122.6953,14431,1.45,9952.41379310345,True,Multnomah County
89101,NV,Las Vegas,36.1699,-115.1398,47363,23.45,2019.7441364605545,True,Clark County
89109,NV,Las Vegas,36.1147,-115.1728,18776,3.93,4777.608142493638,True,Clark County
59718,MT,Bozeman,45.677,-111.0429,12650,45.3,279.2494481236203,True,Bozeman County
82414,WY,Cody,44.5263,-109.0565,9520,234.7,40.56242011077972,True,Cody County
58701,ND,Bismarck,46.8083,-100.7837,33642,89.2,377.152466367713,True,Bismarck County
57701,SD,Rapid City,44.0805,-103.231,25310,156.8,161.4158163265306,True,Rapid City County
83701,ID,Boise,43.615,-116.2023,19304,67.4,286.4094955489614,True,Boise County
59801,MT,Missoula,46.8721,-113.994,32340,198.5,162.92191435768262,True,Missoula County
04101,ME,Portland,43.6591,-70.2568,18150,12.3,1475.6097560975609,True,Portland County
05602,VT,Montpelier,44.2601,-72.5806,7855,45.7,171.88183807439825,True,Montpelier County
03301,NH,Concord,43.2081,-71.5376,18267,89.4,204.32885906040266,True,Concord County
06103,CT,Hartford,41.7658,-72.6851,32986,5.8,5687.241379310345,True,Hartford County
02903,RI,Providence,41.824,-71.4128,28957,2.1,13789.047619047618,True,Providence County
40202,KY,Louisville,38.2527,-85.7585,4872,1.23,3960.9756097560976,True,Louisville County
37201,TN,Nashville,36.1627,-86.7816,8159,1.45,5626.896551724138,True,Nashville County
35203,AL,Birmingham,33.5185,-86.8104,2589,1.89,1369.8412698412699,True,Birmingham County
70112,LA,New Orleans,29.9511,-90.0715,3749,2.31,1622.9437229437228,True,New Orleans County
72201,AR,Little Rock,34.7465,-92.2896,2657,1.67,1591.0179640718563,True,Little Rock County
73102,OK,Oklahoma City,35.4676,-97.5164,2695,1.24,2173.3870967741937,True,Oklahoma City County
67202,KS,Wichita,37.6872,-97.3301,7945,3.45,2302.8985507246375,True,Wichita County
68102,NE,Omaha,41.2524,-95.998,11595,2.78,4170.863309352519,True,Omaha County
50309,IA,Des Moines,41.5868,-93.625,24986,3.12,8008.333333333333,True,Des Moines County
55101,MN,Saint Paul,44.9537,-93.09,17818,2.45,7272.65306122449,True,Saint Paul County
53202,WI,Milwaukee,43.0389,-87.9065,4721,1.34,3523.1343283582087,True,Milwaukee County
48226,MI,Detroit,42.3314,-83.0458,12926,4.67,2767.8800856531047,True,Detroit County
43215,OH,Columbus,39.9612,-82.9988,31029,3.89,7976.606683804627,True,Columbus County
46204,IN,Indianapolis,39.7684,-86.1581,18853,4.23,4456.973995271867,True,Indianapolis County
63101,MO,St Louis,38.627,-90.1994,3025,1.78,1699.438202247191,True,St Louis County
99901,AK,Ketchikan,55.3422,-131.6461,8263,4570.0,1.8080962800875273,True,Ketchikan County
96813,HI,Honolulu,21.3099,-157.8581,19235,1.23,15638.211382113821,True,Honolulu County
29201,SC,Columbia,34.0007,-81.0348,5277,2.31,2284.4155844155844,True,Columbia County
27601,NC,Raleigh,35.7796,-78.6382,5570,3.89,1431.8766066838045,True,Raleigh County
23219,VA,Richmond,37.5407,-77.436,5190,1.67,3107.784431137725,True,Richmond County
19102,PA,Philadelphia,39.9526,-75.1652,3456,1.23,2809.756097560976,True,Philadelphia County
07102,NJ,Newark,40.7214,-74.174,8913,1.04,8570.192307692307,True,Newark County
20001,DC,Washington,38.9072,-77.0369,4822,0.89,5417.9775280898875,True,Washington County
21201,MD,Baltimore,39.2904,-76.6122,8167,2.45,3333.4693877551017,True,Baltimore County
12201,NY,Albany,42.6526,-73.7562,10713,6.23,1719.5826645264847,True,Albany County
24016,VA,Roanoke,37.271,-79.9414,15678,43.2,362.91666666666663,True,Roanoke County
25401,WV,Martinsburg,39.4562,-77.9647,18250,67.8,269.1740412979351,True,Martinsburg County
